id ,name,start_location,end_location,distance_mt,date,public_transport_fare,ride_duration,ride_duration_minutes
15066224146,Commute 1 - House/Fiz,"Emmeline Pankhurststraat 20, 1103 MN Amsterdam, Netherlands","Fizeaustraat 2, 1097 SC Amsterdam, Netherlands",5566,2025-07-10T09:01:15Z,€2.34,1959,32.65
15075885685,Commute 2 - To Nes,"Emmeline Pankhurststraat 20, 1103 MN Amsterdam, Netherlands","Nes 41, 1012 KC Amsterdam, Netherlands",10421.9,2025-07-11T05:52:12Z,€2.98,2771,46.18
15078454033,Commute 2.1 - from Nes,"Rokin 55, 1012 KK Amsterdam, Netherlands","Emmeline Pankhurststraat 25, 1103 MN Amsterdam, Netherlands",8940.7,2025-07-11T11:46:07Z,€2.98,2329,38.82
15088087332,Commute 3 - To Nes,"Sarphatistraat 111, 1018 GB Amsterdam, Netherlands","Emmeline Pankhurststraat 25, 1103 MN Amsterdam, Netherlands",6862.8,2025-07-12T10:44:58Z,€2.98,1666,27.77
15107304900,Commute 4 - to Nes,"Emmeline Pankhurststraat 13, 1103 MN Amsterdam, Netherlands","Rokin 19, 1012 KK Amsterdam, Netherlands",8572.8,2025-07-14T05:42:37Z,€2.98,2003,33.38
15111805247,Commute 4.1 - from Nes,"Rokin 19, 1012 KK Amsterdam, Netherlands","Emmeline Pankhurststraat 25, 1103 MN Amsterdam, Netherlands",9002.4,2025-07-14T14:45:59Z,€2.98,2173,36.22
15118211436,Commute 5 - to Nes x2,"Emmeline Pankhurststraat 20, 1103 MN Amsterdam, Netherlands","Rokin 19, 1012 KK Amsterdam, Netherlands",8842.9,2025-07-15T05:45:08Z,€2.98,2083,34.72
15123150482,Commute 5.1 - from Nes,"Rokin 19, 1012 KK Amsterdam, Netherlands","Emmeline Pankhurststraat 17, 1103 MN Amsterdam, Netherlands",8793.2,2025-07-15T15:08:42Z,€2.98,2217,36.95
15130061164,Commute 6 - to Nes,"Emmeline Pankhurststraat 9, 1103 MN Amsterdam, Netherlands","Rokin 19, 1012 KK Amsterdam, Netherlands",9202.3,2025-07-16T05:53:58Z,€2.98,2477,41.28
15135151091,Commute 6.1 - from Nes,"Rokin 124, 1012 LC Amsterdam, Netherlands","Emmeline Pankhurststraat 20, 1103 MN Amsterdam, Netherlands",8584.8,2025-07-16T16:00:35Z,€2.98,1969,32.82
15151641700,Commute 7 - to Nes x2,"Emmeline Pankhurststraat 20, 1103 MN Amsterdam, Netherlands","Nes 49, 1012 KD Amsterdam, Netherlands",8744,2025-07-18T05:47:13Z,€2.98,2456,40.93
15157094473,Commute 7.1 - from Nes,"Rokin, 1012 KK Amsterdam, Netherlands","Emmeline Pankhurststraat 20, 1103 MN Amsterdam, Netherlands",10173.8,2025-07-18T16:26:38Z,€2.98,2697,44.95
15249224256,Commute 8 - to Nes,"Emmeline Pankhurststraat 20, 1103 MN Amsterdam, Netherlands","Nes 49, 1012 KD Amsterdam, Netherlands",8490.8,2025-07-27T06:46:30Z,€2.98,2330,38.83
15255497624,Commute 8.1 - from Nes,"Nes 57, 1012 GL Amsterdam, Netherlands","Emmeline Pankhurststraat 25, 1103 MN Amsterdam, Netherlands",8722.9,2025-07-27T16:03:55Z,€2.98,2018,33.63
15270338555,Commute 9 - to Nes,"Emmeline Pankhurststraat 20, 1103 MN Amsterdam, Netherlands","Nes 49, 1012 KD Amsterdam, Netherlands",8333.6,2025-07-29T03:55:09Z,€2.98,2072,34.53
15275398296,Commute 9.1 - from Nes,"Nes 59HS, 1012 KD Amsterdam, Netherlands","Emmeline Pankhurststraat 13, 1103 MN Amsterdam, Netherlands",8761.6,2025-07-29T13:49:02Z,€2.98,3240,54.00
15293689949,Commute 10 - to Nes,"Emmeline Pankhurststraat 20, 1103 MN Amsterdam, Netherlands","Nes 57, 1012 GL Amsterdam, Netherlands",8351.4,2025-07-31T04:04:25Z,€2.98,1831,30.52
15297876386,Commute 10.1 - from Nes,"Nes 49, 1012 KD Amsterdam, Netherlands","Emmeline Pankhurststraat 19, 1103 MN Amsterdam, Netherlands",8612.9,2025-07-31T13:11:23Z,€2.98,1983,33.05
15304543241,Commute 11 - to Nes,"Emmeline Pankhurststraat 20, 1103 MN Amsterdam, Netherlands","Nes 60, 1012 KE Amsterdam, Netherlands",8626.2,2025-08-01T03:47:26Z,€2.98,3036,50.60
15308676811,Commute 11.1 -  from Nes,"Nes 57, 1012 GL Amsterdam, Netherlands","Emmeline Pankhurststraat 21, 1103 MN Amsterdam, Netherlands",8613.4,2025-08-01T13:19:08Z,€2.98,2470,41.17
15314777741,Commute 12 - to Nes,"Emmeline Pankhurststraat 20, 1103 MN Amsterdam, Netherlands","Nes 49, 1012 KD Amsterdam, Netherlands",8362.3,2025-08-02T03:52:19Z,€2.98,2010,33.50
15319339033,Commute 12.1 - from Nes,"Nes 49, 1012 KD Amsterdam, Netherlands","Emmeline Pankhurststraat 25, 1103 MN Amsterdam, Netherlands",8674,2025-08-02T13:16:40Z,€2.98,1990,33.17
15326527883,Commute 13 - to Nes,"Emmeline Pankhurststraat 13, 1103 MN Amsterdam, Netherlands","Nes 49, 1012 KD Amsterdam, Netherlands",8394.5,2025-08-03T06:46:08Z,€2.98,2188,36.47
15333025853,Commute 13.1 - from Nes,"Nes 57, 1012 GL Amsterdam, Netherlands","Emmeline Pankhurststraat 25, 1103 MN Amsterdam, Netherlands",8565.9,2025-08-03T16:14:36Z,€2.98,1946,32.43
15352978878,Commute 14 - to Nes x2,"Nes 57, 1012 GL Amsterdam, Netherlands","Emmeline Pankhurststraat 20, 1103 MN Amsterdam, Netherlands",8636.6,2025-08-05T13:19:25Z,€2.98,2156,35.93
15376057143,Commute 15 - to Nes,"Isabella Richaardsstraat 122, 1103 MH Amsterdam, Netherlands","Nes 57, 1012 GL Amsterdam, Netherlands",8358.3,2025-08-07T11:43:57Z,€2.98,1801,30.02
15381794913,Commute 15.1 - from Nes,"Rokin 19, 1012 KK Amsterdam, Netherlands","Emmeline Pankhurststraat 9, 1103 MN Amsterdam, Netherlands",8321,2025-08-07T21:50:19Z,€2.98,1821,30.35
15385524428,Commute 16 - to Nes,"Emmeline Pankhurststraat 20, 1103 MN Amsterdam, Netherlands","Nes 57, 1012 GL Amsterdam, Netherlands",8367,2025-08-08T08:54:12Z,€2.98,2027,33.78
15391396524,Commute 16.1 - from Nes,"Nes 57, 1012 GL Amsterdam, Netherlands","Emmeline Pankhurststraat 20, 1103 MN Amsterdam, Netherlands",8575.8,2025-08-08T19:07:58Z,€2.98,1959,32.65
15429734370,Commute 17 - to Nes,"Emmeline Pankhurststraat 20, 1103 MN Amsterdam, Netherlands","Nes 57, 1012 GL Amsterdam, Netherlands",8351.7,2025-08-12T07:35:38Z,€2.98,1914,31.90
15435640435,Commute 17.1 - from Nes,"Rokin 19, 1012 KK Amsterdam, Netherlands","Emmeline Pankhurststraat 25, 1103 MN Amsterdam, Netherlands",8363,2025-08-12T17:17:45Z,€2.98,1836,30.60
15441693653,Commute 18 - to Nes,"Emmeline Pankhurststraat 20, 1103 MN Amsterdam, Netherlands","Rokin 19, 1012 KK Amsterdam, Netherlands",8217.9,2025-08-13T07:16:33Z,€2.98,1924,32.07
15446888715,Commute 18.1 - from Nes,"Rokin 1020, 1012 GC Amsterdam, Netherlands","Emmeline Pankhurststraat 25, 1103 MN Amsterdam, Netherlands",8314.6,2025-08-13T16:17:12Z,€2.98,1744,29.07
15453183318,Commute 19 - to Nes,"Emmeline Pankhurststraat 20, 1103 MN Amsterdam, Netherlands","Rokin 19, 1012 KK Amsterdam, Netherlands",8184.9,2025-08-14T06:57:29Z,€2.98,1818,30.30
15458268555,Commute 19.1 - from Nes,"Rokin, 1012 KP Amsterdam, Netherlands","Emmeline Pankhurststraat 20, 1103 MN Amsterdam, Netherlands",8328.6,2025-08-14T16:18:46Z,€2.98,1753,29.22
15465265505,Commute 20 - to Oosterpark,"Emmeline Pankhurststraat 20, 1103 MN Amsterdam, Netherlands","s113 2, 1092 CK Amsterdam, Netherlands",6510.7,2025-08-15T09:16:33Z,€2.75,1576,26.27
15466276851,Commute 20.1 - from Oosterpark,"1e v.Swindenstraat, 1092 CK Amsterdam, Netherlands","Emmeline Pankhurststraat 21, 1103 MN Amsterdam, Netherlands",6241.3,2025-08-15T10:53:37Z,€2.75,1430,23.83
15473742899,Commute 21 - to Nes,"Emmeline Pankhurststraat 20, 1103 MN Amsterdam, Netherlands","Nes 50, 1012 KD Amsterdam, Netherlands",8662.9,2025-08-16T03:36:16Z,€2.98,2929,48.82
15478791439,Commute 21.1 - from Nes,"Nes 100D, 1012 KE Amsterdam, Netherlands","Emmeline Pankhurststraat 25, 1103 MN Amsterdam, Netherlands",8486.4,2025-08-16T13:19:55Z,€2.98,1903,31.72
15507938228,Commute 22 - to Nes,"Emmeline Pankhurststraat 20, 1103 MN Amsterdam, Netherlands","Nes 49, 1012 KD Amsterdam, Netherlands",8562.6,2025-08-19T03:53:54Z,€2.98,2366,39.43
15512973867,Commute 22.1 - to Nes,"Nes 59, 1012 KD Amsterdam, Netherlands","Emmeline Pankhurststraat 28, 1103 MT Amsterdam, Netherlands",8610.4,2025-08-19T13:32:13Z,€2.98,1876,31.27
15520287182,Commute 23 - from Nes,"Emmeline Pankhurststraat 20, 1103 MN Amsterdam, Netherlands","Nes 57, 1012 GL Amsterdam, Netherlands",8339.7,2025-08-20T03:53:51Z,€2.98,1927,32.12
15524817841,Commute 23.1 - to Nes,"Nes 57, 1012 GL Amsterdam, Netherlands","Emmeline Pankhurststraat 15, 1103 MN Amsterdam, Netherlands",8686.3,2025-08-20T13:23:22Z,€2.98,2005,33.42
15532735276,Commute 24 - to Nes,"Emmeline Pankhurststraat 44, 1103 MT Amsterdam, Netherlands","Nes 49, 1012 KD Amsterdam, Netherlands",8532.3,2025-08-21T06:51:16Z,€2.98,1829,30.48
15537498867,Commute 24.1 - from Nes,"Nes 60, 1012 KE Amsterdam, Netherlands","Emmeline Pankhurststraat 25, 1103 MN Amsterdam, Netherlands",8568,2025-08-21T15:31:24Z,€2.98,2097,34.95
15543562110,Commute 25 - to Oosterpark,"Emmeline Pankhurststraat 25, 1103 MN Amsterdam, Netherlands","1e v.Swindenstraat, 1092 CK Amsterdam, Netherlands",6223,2025-08-22T06:22:49Z,€2.75,1413,23.55
15547910673,Commute 25.1 - from Oosterpark,"Wagenaarstraat 9, 1093 ED Amsterdam, Netherlands","Emmeline Pankhurststraat 20, 1103 MN Amsterdam, Netherlands",6261.7,2025-08-22T14:49:27Z,€2.75,1417,23.62
15553774661,Commute 26 - to Nes,"Emmeline Pankhurststraat 12, 1103 MN Amsterdam, Netherlands","Nes 49, 1012 KD Amsterdam, Netherlands",8304.7,2025-08-23T05:59:00Z,€2.98,1863,31.05
15559862446,Commute 26.1 - from Nes,"Nes 49, 1012 KD Amsterdam, Netherlands","Emmeline Pankhurststraat 20, 1103 MN Amsterdam, Netherlands",8713.2,2025-08-23T15:13:23Z,€2.98,1991,33.18
15588009237,Commute 27,"Emmeline Pankhurststraat 20, 1103 MN Amsterdam, Netherlands","Nes 49, 1012 KD Amsterdam, Netherlands",8318,2025-08-26T03:52:03Z,€2.98,1973,32.88
15592809927,Commute 27.1,"Nes 57A, 1012 GL Amsterdam, Netherlands","Emmeline Pankhurststraat 25, 1103 MN Amsterdam, Netherlands",8533.3,2025-08-26T13:32:18Z,€2.98,2027,33.78
15601873944,Commute 28 - to Nes,"Emmeline Pankhurststraat 20, 1103 MN Amsterdam, Netherlands","Rokin 19, 1012 KK Amsterdam, Netherlands",8176.1,2025-08-27T08:07:44Z,€2.98,1735,28.92
15607447240,Commute 28.1 - from Nes,"Rokin, 1012 KK Amsterdam, Netherlands","Emmeline Pankhurststraat 20, 1103 MN Amsterdam, Netherlands",8361.6,2025-08-27T17:14:48Z,€2.98,1871,31.18
15612986531,Commute 29 - to Nes,"Emmeline Pankhurststraat 20, 1103 MN Amsterdam, Netherlands","Rokin 19, 1012 KK Amsterdam, Netherlands",8179,2025-08-28T06:55:50Z,€2.98,1780,29.67
15645531223,Commute 30 - to Nes,"Emmeline Pankhurststraat 25, 1103 MN Amsterdam, Netherlands","Amsterdam, Rokin, 1012 Amsterdam, Netherlands",8122.6,2025-08-31T08:41:48Z,€2.98,1808,30.13
15652642187,Commute 30.1 - from Nes,"Rokin 19, 1012 KK Amsterdam, Netherlands","Emmeline Pankhurststraat 9, 1103 MN Amsterdam, Netherlands",8432.3,2025-08-31T18:18:13Z,€2.98,2072,34.53
15656212296,Commute 31 - to Opsterpark,"Emmeline Pankhurststraat 4, 1103 MN Amsterdam, Netherlands","Linnaeusstraat 2C, 1092 CK Amsterdam, Netherlands",6515.7,2025-09-01T07:00:36Z,€2.80,1539,25.65
15660014872,Commute 31.1,"Linnaeusstraat 2C, 1092 CK Amsterdam, Netherlands","Emmeline Pankhurststraat 20, 1103 MN Amsterdam, Netherlands",6212.9,2025-09-01T14:55:10Z,€2.80,1422,23.70
15683933888,Not a commute - to Agus',"Harriët Freezerstraat 88, 1103 JN Amsterdam, Netherlands","s111 1c, 1097 DN Amsterdam, Netherlands",6318.4,2025-09-03T14:49:32Z,€17.16,1540,25.67
15688142091,Not a commute - from Agus' penthouse,"!PARK INDOOR! Amstelstation, 1097 DN Amsterdam, Netherlands","Emmeline Pankhurststraat 9, 1103 MN Amsterdam, Netherlands",4781.9,2025-09-03T21:37:35Z,€2.34,1458,24.30
15691457755,Commute - to Oost,"Emmeline Pankhurststraat 20, 1103 MN Amsterdam, Netherlands","Linnaeusstraat 2C, 1092 CK Amsterdam, Netherlands",6282.8,2025-09-04T07:04:44Z,€2.77,1395,23.25
15696437963,Commute - from Oost,"Linnaeusstraat 2C, 1092 CK Amsterdam, Netherlands","Emmeline Pankhurststraat 25, 1103 MN Amsterdam, Netherlands",6231.1,2025-09-04T16:07:59Z,€2.70,1447,24.12
15706178271,Commute 34 - to Oost,"Emmeline Pankhurststraat 45, 1103 MT Amsterdam, Netherlands","Linnaeusstraat 2C, 1092 CK Amsterdam, Netherlands",6347,2025-09-05T12:04:43Z,€2.70,1456,24.27
15709909419,Commute 34.1 - from Oost,"Wagenaarstraat 9, 1093 ED Amsterdam, Netherlands","Emmeline Pankhurststraat 20, 1103 MN Amsterdam, Netherlands",6273.7,2025-09-05T21:00:16Z,€2.70,1425,23.75
15716554977,Commute 35 - to Oost,"Emmeline Pankhurststraat 20, 1103 MN Amsterdam, Netherlands","Linnaeusstraat 2C, 1092 CK Amsterdam, Netherlands",6275.1,2025-09-06T12:05:05Z,€2.70,1544,25.73
15722146899,Commute 35.1 - from Oost,"1e v.Swindenstraat, 1092 CK Amsterdam, Netherlands","Emmeline Pankhurststraat 25, 1103 MN Amsterdam, Netherlands",6267.7,2025-09-06T21:22:07Z,€2.70,1490,24.83
15728613240,Commute 36 - to Oost,"Emmeline Pankhurststraat 20, 1103 MN Amsterdam, Netherlands","1e v.Swindenstraat, 1092 CK Amsterdam, Netherlands",6280.1,2025-09-07T11:53:08Z,€2.70,1424,23.73
15734240721,Commute 36.1,"1e v.Swindenstraat, 1092 CK Amsterdam, Netherlands","Emmeline Pankhurststraat 20, 1103 MN Amsterdam, Netherlands",6198.4,2025-09-07T20:55:49Z,€2.70,1417,23.62
15740309576,Commute 36 - to Oosterpark,"Emmeline Pankhurststraat 20, 1103 MN Amsterdam, Netherlands","Linnaeusstraat 2C, 1092 CK Amsterdam, Netherlands",6274.5,2025-09-08T11:58:34Z,€2.83,1530,25.50
15745390370,Commute 36.1 - from Oosterpark,"1e v.Swindenstraat, 1092 CK Amsterdam, Netherlands","Emmeline Pankhurststraat 20, 1103 MN Amsterdam, Netherlands",6203.3,2025-09-08T22:08:31Z,€2.83,1494,24.90
15763578499,Commute 37 - to Oosterpark,"Emmeline Pankhurststraat 20, 1103 MN Amsterdam, Netherlands","1e v.Swindenstraat, 1092 CK Amsterdam, Netherlands",6287.1,2025-09-10T12:02:51Z,€2.83,1493,24.88
15768848086,Commute 37.1 - from Oosterpark,"Linnaeusstraat 2C, 1092 CK Amsterdam, Netherlands","Emmeline Pankhurststraat 21, 1103 MN Amsterdam, Netherlands",6223,2025-09-10T21:27:02Z,€2.70,1409,23.48
15775020131,Commute 38 - to Oosterpark,"Emmeline Pankhurststraat 13, 1103 MN Amsterdam, Netherlands","Linnaeusstraat 2E, 1092 CK Amsterdam, Netherlands",6211.8,2025-09-11T12:16:39Z,€15.86,1435,23.92
15779896448,Commute 38.1 - from Oosterpark,"Linnaeusstraat 2C, 1092 CK Amsterdam, Netherlands","Emmeline Pankhurststraat 24, 1103 MN Amsterdam, Netherlands",6243.2,2025-09-11T21:14:30Z,€2.70,1527,25.45
15785772293,Commute 39 - to Oost,"Emmeline Pankhurststraat 20, 1103 MN Amsterdam, Netherlands","1e v.Swindenstraat, 1092 CK Amsterdam, Netherlands",6274.1,2025-09-12T12:04:12Z,€2.70,1440,24.00
15803934682,Commute 40 - to Oosterpark,"Emmeline Pankhurststraat 9, 1103 MN Amsterdam, Netherlands","1e v.Swindenstraat, 1092 CK Amsterdam, Netherlands",6211.5,2025-09-14T04:09:37Z,€2.70,1466,24.43
15810800026,Commute 40.1 - from Oost,"Linnaeusstraat 2E, 1092 CK Amsterdam, Netherlands","Emmeline Pankhurststraat 25, 1103 MN Amsterdam, Netherlands",6208.9,2025-09-14T15:15:27Z,€2.70,1441,24.02
15818530819,Commute 41 - to Oosterpark,"Emmeline Pankhurststraat 20, 1103 MN Amsterdam, Netherlands","Impact, Linnaeusstraat 2C, 1092 CK Amsterdam, Netherlands",6340.1,2025-09-15T11:40:17Z,€2.83,1566,26.10
15824299991,Commute 41.1 - from Oosterpark,"Linnaeusstraat 2C, 1092 CK Amsterdam, Netherlands","Emmeline Pankhurststraat 13, 1103 MN Amsterdam, Netherlands",6230.3,2025-09-15T21:47:43Z,€2.70,1697,28.28
15830017614,Commute 42 - Oosterpark,"Emmeline Pankhurststraat 25, 1103 MN Amsterdam, Netherlands","Linnaeusstraat 2C, 1092 CK Amsterdam, Netherlands",6386.1,2025-09-16T11:36:19Z,€2.83,1712,28.53
15835958041,Commute 42.1 - from Oosterpark,"1e v.Swindenstraat, 1092 CK Amsterdam, Netherlands","Emmeline Pankhurststraat 25, 1103 MN Amsterdam, Netherlands",6201.4,2025-09-16T21:12:47Z,€2.83,1854,30.90
15841882669,Commute 43 - to Oosterpark,"Emmeline Pankhurststraat 13, 1103 MN Amsterdam, Netherlands","1e v.Swindenstraat, 1092 CK Amsterdam, Netherlands",6385.3,2025-09-17T11:43:04Z,€2.83,1511,25.18
15848597681,Commute 43.1 - from Oost,"Amsterdam, Eerste van Swindenstraat, Amsterdam, Netherlands","Emmeline Pankhurststraat 25, 1103 MN Amsterdam, Netherlands",6127.7,2025-09-17T23:36:25Z,€2.70,1302,21.70
15853339834,Commute 45 - from Oosterpark,"Emmeline Pankhurststraat 20, 1103 MN Amsterdam, Netherlands","1e v.Swindenstraat, 1092 CK Amsterdam, Netherlands",6356.1,2025-09-18T12:03:11Z,€2.70,1280,21.33
15858782341,Commute 45.1 - from Oosterpark,"1e v.Swindenstraat, 1092 CK Amsterdam, Netherlands","Emmeline Pankhurststraat 13, 1103 MN Amsterdam, Netherlands",6168.1,2025-09-18T21:15:24Z,€2.70,1324,22.07
15887581326,Commute 44 - naar Oost,"Emmeline Pankhurststraat 20, 1103 MN Amsterdam, Netherlands","1e v.Swindenstraat, 1092 CK Amsterdam, Netherlands",6217.7,2025-09-21T11:37:26Z,€2.70,1486,24.77
15893141458,Commute 44.1 - from Oost,"1e v.Swindenstraat, 1092 CK Amsterdam, Netherlands","Emmeline Pankhurststraat 25, 1103 MN Amsterdam, Netherlands",6194.1,2025-09-21T21:20:09Z,€2.70,1391,23.18
15898090789,Commute 46 - to Oosterpark,"Emmeline Pankhurststraat 20, 1103 MN Amsterdam, Netherlands","1e v.Swindenstraat, 1092 CK Amsterdam, Netherlands",6250,2025-09-22T12:02:31Z,€2.70,1452,24.20
15903184191,Commute 46.1 - from Oosterpark,"1e v.Swindenstraat, 1092 CK Amsterdam, Netherlands","Emmeline Pankhurststraat 20, 1103 MN Amsterdam, Netherlands",6190.6,2025-09-22T21:38:46Z,€2.70,1339,22.32
15908899810,Commute 46 - to Oosterpark,"Emmeline Pankhurststraat 28, 1103 MT Amsterdam, Netherlands","1e v.Swindenstraat, 1092 CK Amsterdam, Netherlands",6255.1,2025-09-23T11:50:33Z,€2.70,1391,23.18
15914993307,Commute 46.1 - from Oosterpark,"Wagenaarstraat 9, 1093 ED Amsterdam, Netherlands","Emmeline Pankhurststraat 20, 1103 MN Amsterdam, Netherlands",6213.5,2025-09-23T21:40:42Z,€2.70,1409,23.48
15931140418,Commute 46 - to Fizeau,"Emmeline Pankhurststraat 20, 1103 MN Amsterdam, Netherlands","Fizeaustraat 2, 1097 SC Amsterdam, Netherlands",6693.9,2025-09-25T11:22:51Z,€2.46,1827,30.45
15938817236,Commute 49 - to Oost,"Emmeline Pankhurststraat 20, 1103 MN Amsterdam, Netherlands","Impact, Linnaeusstraat 2C, 1092 CK Amsterdam, Netherlands",6361.7,2025-09-26T04:10:45Z,€2.70,1676,27.93
15942542153,Commute 49.1 - From Oost,"Linnaeusstraat 2C, 1092 CK Amsterdam, Netherlands","Emmeline Pankhurststraat 25, 1103 MN Amsterdam, Netherlands",6244.9,2025-09-26T13:19:07Z,€2.70,1481,24.68
15952476357,Commute 50 - to Oost,"Emmeline Pankhurststraat 4, 1103 MN Amsterdam, Netherlands","Impact, Linnaeusstraat 2C, 1092 CK Amsterdam, Netherlands",6380.7,2025-09-27T12:00:48Z,€2.70,1542,25.70
15958183834,Commute 50.1 - from Oost,"1e v.Swindenstraat, 1092 CK Amsterdam, Netherlands","Emmeline Pankhurststraat 4, 1103 MN Amsterdam, Netherlands",6195.9,2025-09-27T22:23:44Z,€2.70,1322,22.03
15964786508,Commute 51 - to Oost,"Emmeline Pankhurststraat 13, 1103 MN Amsterdam, Netherlands","Linnaeusstraat 2C, 1092 CK Amsterdam, Netherlands",6549.6,2025-09-28T11:56:06Z,€2.83,4053,67.55
15970022841,Commute 51.1 - from Oost,"Linnaeusstraat 2C, 1092 CK Amsterdam, Netherlands","Emmeline Pankhurststraat 20, 1103 MN Amsterdam, Netherlands",6212.3,2025-09-28T21:11:39Z,€2.70,1415,23.58
15974811392,Commute 52 - to Oost,"Emmeline Pankhurststraat 13, 1103 MN Amsterdam, Netherlands","1e v.Swindenstraat, 1092 CK Amsterdam, Netherlands",6321.7,2025-09-29T11:26:29Z,€2.70,1576,26.27
15981316291,Commute 52.1 - from Oost,"Linnaeusstraat 2C, 1092 CK Amsterdam, Netherlands","Emmeline Pankhurststraat 20, 1103 MN Amsterdam, Netherlands",6213.2,2025-09-29T23:33:09Z,€2.70,1452,24.20
15997826112,Commute 53 - naar Oosterpark,"Emmeline Pankhurststraat 20, 1103 MN Amsterdam, Netherlands","Impact, Linnaeusstraat 2C, 1092 CK Amsterdam, Netherlands",6561,2025-10-01T11:57:35Z,€2.83,2457,40.95
16003297021,Commute 53.1 - from Oost,"Wagenaarstraat 9, 1093 ED Amsterdam, Netherlands","Emmeline Pankhurststraat 20, 1103 MN Amsterdam, Netherlands",6256.9,2025-10-01T21:18:57Z,€2.83,1547,25.78
16007180915,Not a commute - to Agus,"Emmeline Pankhurststraat 13, 1103 MN Amsterdam, Netherlands","Amsterdam Amstel, 1097 DN Amsterdam, Netherlands",4786.1,2025-10-02T09:03:11Z,€2.85,1257,20.95
16036861893,Commute - to Oosterpark,"Emmeline Pankhurststraat 25, 1103 MN Amsterdam, Netherlands","Impact, Linnaeusstraat 2C, 1092 CK Amsterdam, Netherlands",6401.8,2025-10-05T04:03:44Z,€2.83,1823,30.38
16042229325,Commute - from Oost,"Linnaeusstraat 2C, 1092 CK Amsterdam, Netherlands","Emmeline Pankhurststraat 25, 1103 MN Amsterdam, Netherlands",6220.7,2025-10-05T13:30:50Z,€2.70,1408,23.47
16051799349,Commute - to Oosterpark,"Emmeline Pankhurststraat 14, 1103 MN Amsterdam, Netherlands","Impact, Linnaeusstraat 2C, 1092 CK Amsterdam, Netherlands",6509.8,2025-10-06T12:03:27Z,€2.83,2132,35.53
16056488832,Commute - from Oost,"1e v.Swindenstraat, 1092 CK Amsterdam, Netherlands","Emmeline Pankhurststraat 25, 1103 MN Amsterdam, Netherlands",6207.6,2025-10-06T21:22:07Z,€2.70,1518,25.30
16068729678,Commute 56 - from Oost,"Linnaeusstraat 2C, 1092 CK Amsterdam, Netherlands","Emmeline Pankhurststraat 23, 1103 MN Amsterdam, Netherlands",6437.3,2025-10-07T22:13:07Z,€2.70,2827,47.12
16082511168,Commute - to Oost,"Emmeline Pankhurststraat 28, 1103 MT Amsterdam, Netherlands","Impact, Linnaeusstraat 2C, 1092 CK Amsterdam, Netherlands",6460.8,2025-10-09T06:55:01Z,€2.87,1693,28.22
16087401028,Commute - from Oosterpark,"Impact, Linnaeusstraat 2C, 1092 CK Amsterdam, Netherlands","Emmeline Pankhurststraat 25, 1103 MN Amsterdam, Netherlands",6342.4,2025-10-09T16:30:36Z,€2.70,1736,28.93
16095039796,Commute 58 - to Oosterpark,"8XF8+64 Amsterdam, Netherlands","Impact, Linnaeusstraat 2C, 1092 CK Amsterdam, Netherlands",6357.5,2025-10-10T11:52:55Z,€18.15,1607,26.78
16099412457,Commute - from Oost,"Linnaeusstraat 2C, 1092 CK Amsterdam, Netherlands","Emmeline Pankhurststraat 20, 1103 MN Amsterdam, Netherlands",6210.4,2025-10-10T21:12:56Z,€3.19,1586,26.43
16102264606,Commute 59 - to Oost,"Emmeline Pankhurststraat 13, 1103 MN Amsterdam, Netherlands","Impact, Linnaeusstraat 2C, 1092 CK Amsterdam, Netherlands",6377,2025-10-11T07:15:23Z,€2.70,1553,25.88
16116385327,Not a commute - from Agus',"Bertrand Russellstraat 1M, 1097 HL Amsterdam, Netherlands","Emmeline Pankhurststraat 25, 1103 MN Amsterdam, Netherlands",4763.9,2025-10-12T11:40:00Z,€2.41,1156,19.27
16126364288,Commute 60 - to Oosterpark,"Emmeline Pankhurststraat 20, 1103 MN Amsterdam, Netherlands","Impact, Linnaeusstraat 2C, 1092 CK Amsterdam, Netherlands",6300.5,2025-10-13T12:02:32Z,€2.83,1512,25.20
16131591562,Commute 60.1 - from Oosterpark,"Linnaeusstraat 2C, 1092 CK Amsterdam, Netherlands","Emmeline Pankhurststraat 20, 1103 MN Amsterdam, Netherlands",6192.8,2025-10-13T21:21:27Z,€2.70,1428,23.80
16137191498,Commute 61 - to Oosterpark,"Emmeline Pankhurststraat 13, 1103 MN Amsterdam, Netherlands","Impact, Linnaeusstraat 2C, 1092 CK Amsterdam, Netherlands",6381.2,2025-10-14T12:07:59Z,€2.83,1658,27.63
16142495870,Commute 61.1 - from Oosterpark,"9W6F+R87, 1092 CK Amsterdam, Netherlands","Emmeline Pankhurststraat 25, 1103 MN Amsterdam, Netherlands",6199.1,2025-10-14T21:07:33Z,€2.83,1673,27.88
16158870220,Commute 62 - to Oost,"Emmeline Pankhurststraat 25, 1103 MN Amsterdam, Netherlands","Waldenlaan 3, 1093 NH Amsterdam, Netherlands",5757.2,2025-10-16T11:34:48Z,€2.74,1420,23.67
16164157096,Commute 62.1 - from Oosterpark,"9W6F+R87, 1092 CK Amsterdam, Netherlands","Emmeline Pankhurststraat 18, 1103 MN Amsterdam, Netherlands",6279.6,2025-10-16T21:06:55Z,€2.74,1873,31.22
16169512977,Commute 63 - to Oost,"Emmeline Pankhurststraat 20, 1103 MN Amsterdam, Netherlands","Impact, Linnaeusstraat 2C, 1092 CK Amsterdam, Netherlands",6408.3,2025-10-17T12:00:27Z,€2.83,1822,30.37
16173789465,Commute 63.1 - from Oost,"Linnaeusstraat 2C, 1092 CK Amsterdam, Netherlands","Emmeline Pankhurststraat 21, 1103 MN Amsterdam, Netherlands",6196.4,2025-10-17T21:15:31Z,€3.19,1541,25.68
16177742234,Commute 63 - to Oost,"Emanzana 70, 1103 AV Amsterdam, Netherlands","Linnaeusstraat 2A, 1092 CK Amsterdam, Netherlands",6502.8,2025-10-18T09:12:26Z,€2.99,1518,25.30
16185560135,Commute 64.1 - from Oost,"Middenweg 8A, 1097 BM Amsterdam, Netherlands","Emmeline Pankhurststraat 10, 1103 MN Amsterdam, Netherlands",5367.2,2025-10-18T23:31:53Z,€2.99,1765,29.42
16187247446,Commute 65 - to Oost,"Emmeline Pankhurststraat 26, 1103 MT Amsterdam, Netherlands","Linnaeusstraat 2C, 1092 CK Amsterdam, Netherlands",6342.8,2025-10-19T06:59:21Z,€2.83,1515,25.25
16193893082,Commute 65.1 - from Oost,"Linnaeusstraat 2C, 1092 CK Amsterdam, Netherlands","Emmeline Pankhurststraat 20, 1103 MN Amsterdam, Netherlands",6255.1,2025-10-19T16:17:56Z,€2.70,1557,25.95
16200234936,Commute 66 - to Oost,"Emmeline Pankhurststraat 20, 1103 MN Amsterdam, Netherlands","Linnaeusstraat 2C, 1092 CK Amsterdam, Netherlands",6396.3,2025-10-20T12:06:15Z,€2.83,1524,25.40
16205177484,Commute 66.1 - from Oost,"Linnaeusstraat 2C, 1092 CK Amsterdam, Netherlands","Emmeline Pankhurststraat 13, 1103 MN Amsterdam, Netherlands",6206.6,2025-10-20T21:25:31Z,€2.70,1888,31.47
16210719838,Commute 67 - to Oost,"Emmeline Pankhurststraat 25, 1103 MN Amsterdam, Netherlands","Linnaeusstraat 2C, 1092 CK Amsterdam, Netherlands",6320.7,2025-10-21T12:17:22Z,€2.83,1564,26.07
16215933876,Commute 67.1 - from Oost,"Linnaeusstraat 2C, 1092 CK Amsterdam, Netherlands","Emmeline Pankhurststraat 15, 1103 MN Amsterdam, Netherlands",6280.1,2025-10-21T21:23:38Z,€2.70,1956,32.60
16238286190,Commute 68 - to Oost,"Emmeline Pankhurststraat 28, 1103 MT Amsterdam, Netherlands","Linnaeusstraat 2B, 1092 CK Amsterdam, Netherlands",6396.9,2025-10-24T03:50:49Z,€2.70,1882,31.37
16242149715,Commute 68.1 - from Oost,"9W6F+R87, 1092 CK Amsterdam, Netherlands","Emmeline Pankhurststraat 20, 1103 MN Amsterdam, Netherlands",6184.8,2025-10-24T13:32:54Z,€2.70,1430,23.83
16250922236,Commute 69 - to Oost,"Emmeline Pankhurststraat 44, 1103 MT Amsterdam, Netherlands","Linnaeusstraat 2C, 1092 CK Amsterdam, Netherlands",6380.6,2025-10-25T11:56:38Z,€2.70,1686,28.10
16256451718,Commute 69.1 - from Oost,"Linnaeusstraat 2C, 1092 CK Amsterdam, Netherlands","Emmeline Pankhurststraat 23, 1103 MN Amsterdam, Netherlands",6191.7,2025-10-25T23:34:37Z,€3.25,1772,29.53
16268252316,Commute 70 - to Oost,"Emmeline Pankhurststraat 33, 1103 MT Amsterdam, Netherlands","Impact, Linnaeusstraat 2C, 1092 CK Amsterdam, Netherlands",6565,2025-10-27T05:18:32Z,€2.70,2620,43.67
16299855545,Commute 71 - to Oost,"Emmeline Pankhurststraat 20, 1103 MN Amsterdam, Netherlands","Linnaeusstraat 2C, 1092 CK Amsterdam, Netherlands",6586.6,2025-10-30T08:14:44Z,€2.70,1879,31.32
16304589146,Commute 71.1 - from Oost,"Linnaeusstraat 2C, 1092 CK Amsterdam, Netherlands","Emmeline Pankhurststraat 24, 1103 MN Amsterdam, Netherlands",6322.5,2025-10-30T17:32:38Z,€2.94,1752,29.20
16311912546,Commute 72 - to Oost,"Emanzana 76, 1103 AV Amsterdam, Netherlands","Linnaeusstraat 2C, 1092 CK Amsterdam, Netherlands",6484.8,2025-10-31T13:13:07Z,€2.70,1694,28.23
16315885583,Commute 72.1 - from Oost,"Linnaeusstraat 2C, 1092 CK Amsterdam, Netherlands","Emmeline Pankhurststraat 17, 1103 MN Amsterdam, Netherlands",6290.3,2025-10-31T22:10:58Z,€2.70,1650,27.50
16322184143,Commute 73 - to Oost,"Emmeline Pankhurststraat 17, 1103 MN Amsterdam, Netherlands","Impact, Linnaeusstraat 2C, 1092 CK Amsterdam, Netherlands",6511.8,2025-11-01T13:20:36Z,€2.96,1907,31.78
16325890352,Commute 73.1 - froom Oost,"Impact, Linnaeusstraat 2C, 1092 CK Amsterdam, Netherlands","Emmeline Pankhurststraat 17, 1103 MN Amsterdam, Netherlands",6342.8,2025-11-01T22:12:31Z,€2.70,2054,34.23
16331885036,Commute 74 - to Oost,"Emmeline Pankhurststraat 20, 1103 MN Amsterdam, Netherlands","Impact, Linnaeusstraat 2C, 1092 CK Amsterdam, Netherlands",6358.4,2025-11-02T12:53:30Z,€2.70,1555,25.92
16336849389,Commute 74.1 - from Oost,"Impact, Linnaeusstraat 2C, 1092 CK Amsterdam, Netherlands","Emmeline Pankhurststraat 17, 1103 MN Amsterdam, Netherlands",6339.3,2025-11-02T22:05:56Z,€2.94,2541,42.35
16346399067,Commute 75 - from Oost,"Linnaeusstraat 2C, 1092 CK Amsterdam, Netherlands","Emmeline Pankhurststraat 26, 1103 MT Amsterdam, Netherlands",6265.4,2025-11-03T22:22:22Z,€2.94,1854,30.90
16352125308,Commute 76 - naar Oost,"Emmeline Pankhurststraat 20, 1103 MN Amsterdam, Netherlands","Linnaeusstraat 2A, 1092 CK Amsterdam, Netherlands",6261.1,2025-11-04T13:19:10Z,€2.70,1454,24.23
16357414767,Commute 76.1 - van Oost,"1e v.Swindenstraat, 1092 CK Amsterdam, Netherlands","Emmeline Pankhurststraat 18, 1103 MN Amsterdam, Netherlands",6281.4,2025-11-04T22:10:53Z,€14.77,1687,28.12
16373729553,Commute 77 - naar Oost,"Emmeline Pankhurststraat 20, 1103 MN Amsterdam, Netherlands","Linnaeusstraat 2C, 1092 CK Amsterdam, Netherlands",6316.2,2025-11-06T13:05:23Z,€2.83,1522,25.37
16379451462,Commute 77.1 - van Oost,"Linnaeusstraat 2C, 1092 CK Amsterdam, Netherlands","Emmeline Pankhurststraat 24, 1103 MN Amsterdam, Netherlands",6341,2025-11-06T23:55:01Z,€2.77,1714,28.57
16389861341,Commute 77 - naar Oost,"Emmeline Pankhurststraat 20, 1103 MN Amsterdam, Netherlands","Linnaeusstraat 2C, 1092 CK Amsterdam, Netherlands",6468.7,2025-11-08T05:24:46Z,€2.96,2217,36.95
16396707402,Commute 77.1 - van Oost,"9W6F+R87, 1092 CK Amsterdam, Netherlands","Emmeline Pankhurststraat 21, 1103 MN Amsterdam, Netherlands",6200.4,2025-11-08T17:40:56Z,€2.96,1620,27.00
16400318741,Commute 78 - naar Oost,"Emmeline Pankhurststraat 25, 1103 MN Amsterdam, Netherlands","Impact, Linnaeusstraat 2C, 1092 CK Amsterdam, Netherlands",6352.5,2025-11-09T05:23:24Z,€2.70,1664,27.73
16405850051,Commute 78.1 - van Oosterpark,"1e v.Swindenstraat, 1092 CK Amsterdam, Netherlands","Emmeline Pankhurststraat 14, 1103 MN Amsterdam, Netherlands",6284.8,2025-11-09T14:46:09Z,€2.70,1528,25.47
16414032614,Commute 79 - naar Oost,"Emmeline Pankhurststraat 20, 1103 MN Amsterdam, Netherlands","Impact, Linnaeusstraat 2C, 1092 CK Amsterdam, Netherlands",6372,2025-11-10T13:04:50Z,€2.70,1535,25.58
16445747784,Commute 80 - naar Oost,"Emmeline Pankhurststraat 20, 1103 MN Amsterdam, Netherlands","Linnaeusstraat 2C, 1092 CK Amsterdam, Netherlands",6263.3,2025-11-13T13:15:41Z,€2.70,1818,30.30
16450347948,Commute 80.1 - van Oost,"Linnaeusstraat 2C, 1092 CK Amsterdam, Netherlands","Emmeline Pankhurststraat 9, 1103 MN Amsterdam, Netherlands",6352.1,2025-11-13T22:01:24Z,€3.61,1466,24.43
16455485694,Commute 81 - naar Oost,"Emmeline Pankhurststraat 13, 1103 MN Amsterdam, Netherlands","Linnaeusstraat 2C, 1092 CK Amsterdam, Netherlands",6459.9,2025-11-14T13:19:22Z,€2.70,2051,34.18
16459405875,Commute 81.1 - van Oost,"Linnaeusstraat 2C, 1092 CK Amsterdam, Netherlands","Emmeline Pankhurststraat 18, 1103 MN Amsterdam, Netherlands",6390.4,2025-11-14T22:21:07Z,€3.61,1757,29.28
16465192230,Commute 82 - naar Oost,"Emmeline Pankhurststraat 9, 1103 MN Amsterdam, Netherlands","Impact, Linnaeusstraat 2C, 1092 CK Amsterdam, Netherlands",6544.4,2025-11-15T13:08:54Z,€2.70,1884,31.40
16469616771,Commute 82.1 - van Oost,"Linnaeusstraat 2B, 1092 CK Amsterdam, Netherlands","Emmeline Pankhurststraat 13, 1103 MN Amsterdam, Netherlands",6286.3,2025-11-15T22:12:45Z,€2.70,2238,37.30
16475834900,Commute 83 - naar Oost,"Emmeline Pankhurststraat 9, 1103 MN Amsterdam, Netherlands","Impact, Linnaeusstraat 2C, 1092 CK Amsterdam, Netherlands",6356.1,2025-11-16T13:20:07Z,€2.70,1849,30.82
16480355113,Commute 83.1- van Oost,"Linnaeusstraat 2A, 1092 CK Amsterdam, Netherlands","Emmeline Pankhurststraat 25, 1103 MN Amsterdam, Netherlands",6463.9,2025-11-16T22:24:37Z,€3.61,1636,27.27
16527988967,Commute 84 - van Oost,"1e v.Swindenstraat, 1092 CK Amsterdam, Netherlands","Emmeline Pankhurststraat 19, 1103 MN Amsterdam, Netherlands",6231.3,2025-11-21T22:14:11Z,€2.70,2131,35.52
16531893583,Commute 86 - naar Oosterpark,"Emmeline Pankhurststraat 9, 1103 MN Amsterdam, Netherlands","Impact, Linnaeusstraat 2C, 1092 CK Amsterdam, Netherlands",6666.6,2025-11-22T10:21:31Z,€2.70,1875,31.25
16536769296,Commute 86.1 - naar thuis,"Linnaeusstraat 2C, 1092 CK Amsterdam, Netherlands","Emmeline Pankhurststraat 10, 1103 MN Amsterdam, Netherlands",6341.2,2025-11-22T19:01:12Z,€3.61,2068,34.47
16539749256,Commute 87 - naar Oost,"Emmeline Pankhurststraat 23, 1103 MN Amsterdam, Netherlands","Impact, Linnaeusstraat 2C, 1092 CK Amsterdam, Netherlands",6678.4,2025-11-23T05:09:44Z,€2.70,1979,32.98
16544575401,Commute 86.1 - van Oost,"Linnaeusstraat 2B, 1092 CK Amsterdam, Netherlands","Emmeline Pankhurststraat 13, 1103 MN Amsterdam, Netherlands",6389.2,2025-11-23T14:31:09Z,€2.70,2766,46.10
16549482163,Commute 87 - naar Oost,"Emmeline Pankhurststraat 20, 1103 MN Amsterdam, Netherlands","Impact, Linnaeusstraat 2C, 1092 CK Amsterdam, Netherlands",6573.1,2025-11-24T05:16:31Z,€2.70,1940,32.33
16562377289,Commute 88 - naar Oost,"Emmeline Pankhurststraat 20, 1103 MN Amsterdam, Netherlands","Impact, Linnaeusstraat 2C, 1092 CK Amsterdam, Netherlands",6484.1,2025-11-25T13:30:41Z,€2.70,2923,48.72
16567016963,Commute 88.1 - naar thuis,"1e v.Swindenstraat, 1092 CK Amsterdam, Netherlands","Emmeline Pankhurststraat 18, 1103 MN Amsterdam, Netherlands",6204.3,2025-11-25T22:08:14Z,€2.70,2478,41.30
16572196543,Commute 88 - naar Oost,"Endumeni 16, 1103 AT Amsterdam, Netherlands","Linnaeusstraat 2C, 1092 CK Amsterdam, Netherlands",6357.9,2025-11-26T13:19:18Z,€2.70,1641,27.35
16600274135,Commute 89 - naar Oost,"Emmeline Pankhurststraat 13, 1103 MN Amsterdam, Netherlands","Impact, Linnaeusstraat 2C, 1092 CK Amsterdam, Netherlands",6442.6,2025-11-29T12:32:48Z,€2.70,1703,28.38
16604356608,Commute 89.1 - thuis,"Linnaeusstraat 2C, 1092 CK Amsterdam, Netherlands","Emmeline Pankhurststraat 19, 1103 MN Amsterdam, Netherlands",6351,2025-11-29T22:09:05Z,€3.61,1969,32.82
16618840113,Commute 90 - naar Oost,"Emmeline Pankhurststraat 20, 1103 MN Amsterdam, Netherlands","Impact, Linnaeusstraat 2C, 1092 CK Amsterdam, Netherlands",6621.7,2025-12-01T13:12:55Z,€2.70,1682,28.03
16623085199,Commute 90.1 - naar thuis,"1e v.Swindenstraat, 1092 CK Amsterdam, Netherlands","Emmeline Pankhurststraat 9, 1103 MN Amsterdam, Netherlands",6317,2025-12-01T22:12:27Z,€2.70,2462,41.03
16676062510,Swapfiets commute 92 - naar Oosterpark,"Emmeline Pankhurststraat 25, 1103 MN Amsterdam, Netherlands","Impact, Linnaeusstraat 2C, 1092 CK Amsterdam, Netherlands",6424.6,2025-12-07T13:21:31Z,€2.70,1291,21.52
16679746865,Swapfiets commute 92.1 - naar thuis,"Linnaeusstraat 2B, 1092 CK Amsterdam, Netherlands","Emmeline Pankhurststraat 20, 1103 MN Amsterdam, Netherlands",6317.7,2025-12-07T22:08:36Z,€3.06,1326,22.10
16684882957,swapfiets commute  93 - naar Oosterpark,"Emmeline Pankhurststraat 13, 1103 MN Amsterdam, Netherlands","Linnaeusstraat 2C, 1092 CK Amsterdam, Netherlands",6389.7,2025-12-08T13:10:37Z,€2.70,1480,24.67
16693939580,swapfiets commute - 93 naar Oost,"Emmeline Pankhurststraat 20, 1103 MN Amsterdam, Netherlands","Impact, Linnaeusstraat 2C, 1092 CK Amsterdam, Netherlands",6411.1,2025-12-09T13:22:56Z,€2.70,1418,23.63
16698429707,swapfiets commute 93.1 - thuis,"Linnaeusstraat 2B, 1092 CK Amsterdam, Netherlands","Emmeline Pankhurststraat 13, 1103 MN Amsterdam, Netherlands",6305.9,2025-12-09T22:19:27Z,€3.06,1405,23.42
16718027121,swapfiets commute - naar thuis,"Linnaeusstraat 2B, 1092 CK Amsterdam, Netherlands","Emmeline Pankhurststraat 23, 1103 MN Amsterdam, Netherlands",6398.2,2025-12-11T23:57:14Z,€2.70,1603,26.72
16719416594,swapfiets commute 94 - naar Oosterpark,"Emmeline Pankhurststraat 9, 1103 MN Amsterdam, Netherlands","Linnaeusstraat 2C, 1092 CK Amsterdam, Netherlands",6503.9,2025-12-12T06:20:04Z,€2.83,1842,30.70
16722587757,swapfiets commute - naar thuis,"Linnaeusstraat 2B, 1092 CK Amsterdam, Netherlands","Emmeline Pankhurststraat 13, 1103 MN Amsterdam, Netherlands",6441.7,2025-12-12T14:28:34Z,€2.70,1559,25.98
16727438851,swapfiets commute - naar oost,"Emmeline Pankhurststraat 20, 1103 MN Amsterdam, Netherlands","Impact, Linnaeusstraat 2C, 1092 CK Amsterdam, Netherlands",6485.1,2025-12-13T05:21:22Z,€2.83,1579,26.32
16731615899,swapfiets commute - naar thuis,"Linnaeusstraat 2B, 1092 CK Amsterdam, Netherlands","Emmeline Pankhurststraat 15, 1103 MN Amsterdam, Netherlands",6621.7,2025-12-13T14:22:32Z,€2.70,1509,25.15
16742007731,not a swapfiets commute - naar Brouwerij 't IJ,"Emmeline Pankhurststraat 20, 1103 MN Amsterdam, Netherlands","Funenpark 1A, 1018 AG Amsterdam, Netherlands",6850.8,2025-12-14T15:26:58Z,€3.73,1574,26.23
16745895779,swapfiets commute - naar Oost,"Emmeline Pankhurststraat 20, 1103 MN Amsterdam, Netherlands","Impact, Linnaeusstraat 2C, 1092 CK Amsterdam, Netherlands",6455,2025-12-15T05:10:33Z,€2.77,1347,22.45
16777194605,swapfiets commute - naar Oost,"Emmeline Pankhurststraat 25, 1103 MN Amsterdam, Netherlands","Linnaeusstraat 2B, 1092 CK Amsterdam, Netherlands",6419.8,2025-12-18T13:11:16Z,€2.70,1281,21.35
16780295067,Swapfiets commute - naar thuis,"Linnaeusstraat 2B, 1092 CK Amsterdam, Netherlands","Emmeline Pankhurststraat 13, 1103 MN Amsterdam, Netherlands",6307.6,2025-12-18T22:09:01Z,€2.70,1317,21.95
16793435585,Swapfiets commute - naar Oost,"Emmeline Pankhurststraat 20, 1103 MN Amsterdam, Netherlands","Linnaeusstraat 2C, 1092 CK Amsterdam, Netherlands",6586.2,2025-12-20T13:10:27Z,€2.70,2117,35.28
16797269678,swapfiets commute - naar thuis,"Linnaeusstraat 2B, 1092 CK Amsterdam, Netherlands","Emmeline Pankhurststraat 13, 1103 MN Amsterdam, Netherlands",6272,2025-12-20T22:13:37Z,€2.70,1287,21.45
16799833916,swapfiets commute - naar Oost,"Emmeline Pankhurststraat 20, 1103 MN Amsterdam, Netherlands","Impact, Linnaeusstraat 2C, 1092 CK Amsterdam, Netherlands",6382.3,2025-12-21T09:09:27Z,€2.70,1291,21.52
16806746176,swapfiets commute - naar thuis,"Linnaeusstraat 2A, 1092 CK Amsterdam, Netherlands","Emmeline Pankhurststraat 20, 1103 MN Amsterdam, Netherlands",6279.1,2025-12-21T22:31:32Z,€3.23,1251,20.85
16811058364,Swapfiets commute - naar Oost,"Emmeline Pankhurststraat 13, 1103 MN Amsterdam, Netherlands","Impact, Linnaeusstraat 2C, 1092 CK Amsterdam, Netherlands",6474.8,2025-12-22T13:28:28Z,€2.70,1570,26.17
16815105245,swapfiets commute - thuis,"Linnaeusstraat 2C, 1092 CK Amsterdam, Netherlands","Emmeline Pankhurststraat 9, 1103 MN Amsterdam, Netherlands",6478.7,2025-12-22T22:17:49Z,€3.41,1596,26.60
16821555661,swapfiets commute - naar Oost,"Emmeline Pankhurststraat 20, 1103 MN Amsterdam, Netherlands","Impact, Linnaeusstraat 2C, 1092 CK Amsterdam, Netherlands",6553.6,2025-12-23T15:54:00Z,€2.70,1773,29.55
16824242669,swapfiets commute - naar thuis,"Linnaeusstraat 2A, 1092 CK Amsterdam, Netherlands","Emmeline Pankhurststraat 24, 1103 MN Amsterdam, Netherlands",6370.9,2025-12-23T22:16:04Z,€3.41,1385,23.08
16836563282,swapfiets commute - naar Oost,"Emmeline Pankhurststraat 25, 1103 MN Amsterdam, Netherlands","Linnaeusstraat 2C, 1092 CK Amsterdam, Netherlands",6395.2,2025-12-25T12:16:58Z,€2.70,1154,19.23
16845657129,swapfiets commute - naar thuis,"Linnaeusstraat 2B, 1092 CK Amsterdam, Netherlands","Emmeline Pankhurststraat 20, 1103 MN Amsterdam, Netherlands",6305.2,2025-12-26T14:41:52Z,€2.70,1227,20.45
16873815953,swapfiets commute - naar Oost,"Emmeline Pankhurststraat 20, 1103 MN Amsterdam, Netherlands","Linnaeusstraat 2C, 1092 CK Amsterdam, Netherlands",6467.8,2025-12-29T13:10:08Z,€2.70,1374,22.90
16888666269,swapfiets commute - wel thuis,"Linnaeusstraat 2B, 1092 CK Amsterdam, Netherlands","Emmeline Pankhurststraat 16, 1103 MN Amsterdam, Netherlands",6316.3,2025-12-30T22:42:47Z,€3.14,1212,20.20
16912317076,swapfiets commute - naar Oosterpark,"Emmeline Pankhurststraat 20, 1103 MN Amsterdam, Netherlands","Impact, Linnaeusstraat 2C, 1092 CK Amsterdam, Netherlands",6393.2,2026-01-02T13:02:36Z,€2.82,1377,22.95
16917383347,swapfiets commute - naar thuis,"Impact, Linnaeusstraat 2C, 1092 CK Amsterdam, Netherlands","Emmeline Pankhurststraat 25, 1103 MN Amsterdam, Netherlands",6273.4,2026-01-02T22:13:27Z,€2.82,1265,21.08
16923387983,swapfiets commute - naar Oost,"Emmeline Pankhurststraat 13, 1103 MN Amsterdam, Netherlands","Linnaeusstraat 2B, 1092 CK Amsterdam, Netherlands",6420.5,2026-01-03T13:08:41Z,€2.82,1381,23.02
16928425286,swapfiets commute - naar thuis,"Linnaeusstraat 2B, 1092 CK Amsterdam, Netherlands","Emmeline Pankhurststraat 14, 1103 MN Amsterdam, Netherlands",6316.4,2026-01-03T22:13:07Z,€2.82,1507,25.12
16934644788,swapfiets commute - naar Oost,"Emmeline Pankhurststraat 20, 1103 MN Amsterdam, Netherlands","Impact, Linnaeusstraat 2C, 1092 CK Amsterdam, Netherlands",6375,2026-01-04T13:03:27Z,€2.82,1411,23.52
16940551524,swapfiets commut - thuis,"Linnaeusstraat 2 C, 1092 CK Amsterdam, Netherlands","Emmeline Pankhurststraat 15, 1103 MN Amsterdam, Netherlands",6351.6,2026-01-05T00:04:21Z,€17.07,1612,26.87
16956573858,swapfiets commute - naar Oost,"Emmeline Pankhurststraat 20, 1103 MN Amsterdam, Netherlands","Impact, Linnaeusstraat 2C, 1092 CK Amsterdam, Netherlands",6496.5,2026-01-06T13:10:03Z,€2.82,1835,30.58
16961935802,swapfiets commute - thuis,"Linnaeusstraat 2B, 1092 CK Amsterdam, Netherlands","Emmeline Pankhurststraat 20, 1103 MN Amsterdam, Netherlands",6311.5,2026-01-06T22:13:24Z,€2.82,1758,29.30
16967853974,swapfiets commute - naar Oost,"Emmeline Pankhurststraat 9, 1103 MN Amsterdam, Netherlands","Linnaeusstraat 2C, 1092 CK Amsterdam, Netherlands",6405.2,2026-01-07T12:59:37Z,2.82,2156,35.93
16973368349,swapfiets commute - thuis,"Impact, Linnaeusstraat 2C, 1092 CK Amsterdam, Netherlands","Emmeline Pankhurststraat 20, 1103 MN Amsterdam, Netherlands",5799.3,2026-01-07T22:05:56Z,2.82,2165,36.08
16979512311,swapfiets commute - naar Oosterpark,"Emmeline Pankhurststraat 13, 1103 MN Amsterdam, Netherlands","Linnaeusstraat 2B, 1092 CK Amsterdam, Netherlands",6415.6,2026-01-08T13:18:13Z,2.82,1619,26.98
16984185642,swapfiets commute - thuis,"Linnaeusstraat 2B, 1092 CK Amsterdam, Netherlands","Emmeline Pankhurststraat 18, 1103 MN Amsterdam, Netherlands",6669,2026-01-08T22:07:47Z,€2.82,1744,29.07
16989613566,swapfiets commute - naar Oost,"Emmeline Pankhurststraat 28, 1103 MT Amsterdam, Netherlands","Impact, Linnaeusstraat 2C, 1092 CK Amsterdam, Netherlands",6512.4,2026-01-09T12:55:13Z,€2.98,1557,
16994293339,swapfiets commute - thuis,"Linnaeusstraat 2B, 1092 CK Amsterdam, Netherlands","Emmeline Pankhurststraat 18, 1103 MN Amsterdam, Netherlands",6414.2,2026-01-09T22:13:45Z,€2.92,2018,
17022780576,swapfiets commute - naar Oost,"Isabella Richaardsstraat 92, 1103 MH Amsterdam, Netherlands","Linnaeusstraat 2B, 1092 CK Amsterdam, Netherlands",6398.4,2026-01-12T13:22:57Z,€2.98,1322,